model,paperId,title,ok,failure,error,latencyMs,inputTokens,outputTokens,attempts,rateLimited,given,stated,suspect,unknown,quoteCheckRate,rarelyStatedGuesses,doseFundingGuesses,unknownDiscipline,judgeModel,claims,unsupportedClaims,faithfulness,judgeLatencyMs,judgeError
google/gemma-4-26b-a4b-it,79,Probiotic-Herb-Peptide Combined Formula Alleviates Alcoholic Liver Damage Associ,true,,,10566,1415,436,1,0,6,6,0,6,1,,,1,google/gemma-4-31b-it,5,1,0.800,37022,
google/gemma-4-31b-it,79,Probiotic-Herb-Peptide Combined Formula Alleviates Alcoholic Liver Damage Associ,false,timeout,timed out after 90 s (The model returned no card),,,,1,0,,,,,,,,,google/gemma-4-26b-a4b-it,,,,,
google/gemma-4-26b-a4b-it,93,Melatonin-induced restoration of the intestinal mucosal barrier in inflammatory ,true,,,16002,1338,696,1,0,7,7,0,5,1,,,1,google/gemma-4-31b-it,8,0,1,43146,
google/gemma-4-31b-it,93,Melatonin-induced restoration of the intestinal mucosal barrier in inflammatory ,true,,,51569,1338,592,5,0,6,5,1,6,0.833,,,1,google/gemma-4-26b-a4b-it,4,2,0.500,3390,
google/gemma-4-26b-a4b-it,181,Systemic antibody responses against bacterial and viral antigens associate with ,true,,,12856,1216,531,1,0,7,7,0,5,1,,,1,google/gemma-4-31b-it,5,0,1,44259,
google/gemma-4-31b-it,181,Systemic antibody responses against bacterial and viral antigens associate with ,true,,,43745,1216,526,1,0,8,8,0,4,1,,,1,google/gemma-4-26b-a4b-it,4,1,0.750,4047,
google/gemma-4-26b-a4b-it,253,Low-Molecular-Weight Peptides from <i>Musca domestica</i> Larvae Alleviate Diarr,true,,,14242,1301,621,1,0,7,7,0,5,1,,,1,google/gemma-4-31b-it,4,0,1,70602,
google/gemma-4-31b-it,253,Low-Molecular-Weight Peptides from <i>Musca domestica</i> Larvae Alleviate Diarr,true,,,48468,1301,486,1,0,7,7,0,5,1,,,1,google/gemma-4-26b-a4b-it,4,0,1,3848,
google/gemma-4-26b-a4b-it,676,Causal Effects of Lifestyle and Dietary Factors on Rheumatoid Arthritis: An Inte,true,,,14518,1263,627,1,0,7,6,1,5,0.857,,,1,google/gemma-4-31b-it,4,0,1,23772,
google/gemma-4-31b-it,676,Causal Effects of Lifestyle and Dietary Factors on Rheumatoid Arthritis: An Inte,true,,,44105,1263,700,1,0,7,7,0,5,1,,,1,google/gemma-4-26b-a4b-it,4,1,0.750,4297,
google/gemma-4-26b-a4b-it,692,The Effect of an Autoimmune Protocol (AIP) Diet in Adults With Rheumatoid Arthri,true,,,15681,1449,680,1,0,9,9,0,3,1,,,1,google/gemma-4-31b-it,6,3,0.500,44244,
google/gemma-4-31b-it,692,The Effect of an Autoimmune Protocol (AIP) Diet in Adults With Rheumatoid Arthri,true,,,44956,1449,521,1,0,9,9,0,3,1,,,1,google/gemma-4-26b-a4b-it,5,3,0.400,4035,
google/gemma-4-26b-a4b-it,705,The Combination of Mineral Salts and Natural Antioxidants Agents Is Highly Effec,true,,,13363,1301,556,1,0,8,8,0,4,1,,,1,google/gemma-4-31b-it,4,1,0.750,32476,
google/gemma-4-31b-it,705,The Combination of Mineral Salts and Natural Antioxidants Agents Is Highly Effec,true,,,39481,1301,486,1,0,8,8,0,4,1,,,1,google/gemma-4-26b-a4b-it,5,2,0.600,3751,
google/gemma-4-26b-a4b-it,1041,Modulating effects of creatine prevent sex-dependent hippocampal neuroinflammati,true,,,11971,1353,487,1,0,8,8,0,4,1,doseOrRegimen,doseOrRegimen,0.800,google/gemma-4-31b-it,4,1,0.750,74876,
google/gemma-4-31b-it,1041,Modulating effects of creatine prevent sex-dependent hippocampal neuroinflammati,true,,,79572,1353,437,2,0,6,6,0,6,1,,,1,google/gemma-4-26b-a4b-it,4,1,0.750,3432,
google/gemma-4-26b-a4b-it,1192,The gut microbiota alleviates depression by remodeling gut-brain energy metaboli,false,invalid-json,"Model call failed: Structured output validation failed: - root: Invalid input: expected object, received undefined",,,,1,0,,,,,,,,,google/gemma-4-31b-it,,,,,
google/gemma-4-31b-it,1192,The gut microbiota alleviates depression by remodeling gut-brain energy metaboli,false,timeout,timed out after 90 s (The model returned no card),,,,1,0,,,,,,,,,google/gemma-4-26b-a4b-it,,,,,
google/gemma-4-26b-a4b-it,1221,Fermented goat milk powder promotes intestinal development and enhances splenic ,true,,,11312,1241,468,1,0,5,5,0,7,1,,,1,google/gemma-4-31b-it,5,0,1,32985,
google/gemma-4-31b-it,1221,Fermented goat milk powder promotes intestinal development and enhances splenic ,true,,,54787,1241,425,1,0,6,6,0,6,1,,,1,google/gemma-4-26b-a4b-it,4,1,0.750,3628,
google/gemma-4-26b-a4b-it,1273,Theasinensin C Mitigates HFrD-Induced Neuroinflammation by Enriching <i>Akkerman,true,,,15438,1369,676,1,0,8,8,0,4,1,,,1,google/gemma-4-31b-it,10,0,1,82162,
google/gemma-4-31b-it,1273,Theasinensin C Mitigates HFrD-Induced Neuroinflammation by Enriching <i>Akkerman,true,,,50404,1369,490,1,0,8,8,0,4,1,,,1,google/gemma-4-26b-a4b-it,4,1,0.750,3405,
google/gemma-4-26b-a4b-it,1425,Therapeutic Effect Comparisons of Cyclophosphamide and Methotrexate in Immune-Me,true,,,15179,1408,665,1,0,8,8,0,4,1,,,1,google/gemma-4-31b-it,7,4,0.429,28597,
google/gemma-4-31b-it,1425,Therapeutic Effect Comparisons of Cyclophosphamide and Methotrexate in Immune-Me,true,,,81818,1408,593,5,0,8,8,0,4,1,,,1,google/gemma-4-26b-a4b-it,4,1,0.750,4000,
